{"cameraMode":{"drawMode":0,"name":"Shaded","section":"Shading Mode"},"sceneLighting":true,"audioPlay":false,"sceneViewState":{"showFog":true,"showMaterialUpdate":false,"showSkybox":true,"showFlares":true,"showImageEffects":true,"showParticleSystems":true},"in2DMode":false,"pivot":{"x":21.242921829223634,"y":-1.5835522413253785,"z":206.27377319335938},"rotation":{"x":0.004490546882152557,"y":0.059964291751384738,"z":0.0002701187913771719,"w":-0.9981908798217773},"size":395.5706481933594,"orthographic":false}